,Rank,criterion,max_depth,Accuracy,Train Score
0,1,gini,10,0.5522201375859912,0.7049597855227882
1,5,gini,100,0.5228267667292058,1.0
2,3,gini,1000,0.5322076297686054,1.0
3,2,entropy,10,0.5428392745465916,0.6658176943699732
4,6,entropy,100,0.5109443402126329,1.0
5,4,entropy,1000,0.5265791119449656,1.0
