,Rank,criterion,max_depth,Accuracy,Train Score
0,3,gini,10,0.5247029393370857,0.6875335120643432
1,4,gini,100,0.5234521575984991,1.0
2,5,gini,1000,0.5228267667292058,1.0
3,2,entropy,10,0.5265791119449656,0.642225201072386
4,1,entropy,100,0.5328330206378987,1.0
5,6,entropy,1000,0.515322076297686,1.0
